Workbook

Sheet Ponte de Comando
A1: N° Doc. | B1: NF | D1: Cliente | E1: NF | F1: Valor (R$)
A2: 19816 | B2: 4935 | C2: 1 | D2: ADERLINDA JOSÉ LIAL -DPU | E2: Venda 4935 29/05/2026 R$2.316,00 | F2: 2316 | G2: =VLOOKUP(A2,'Relatório Vendas por Pedido'!$A$2:$G$252,7,FALSE) -> 2316 | H2: =IF(G2=F2,"OK","ERRO") -> OK
A3: 19579 | B3: 14538 | C3: 2 | D3: AIRTON JOSE BARBOSA DE ANDRADE | E3: Venda 14538 02/05/2026 R$475,00 , CF 14538 | F3: 475 | G3: =VLOOKUP(A3,'Relatório Vendas por Pedido'!$A$2:$G$252,7,FALSE) -> 475 | H3: =IF(G3=F3,"OK","ERRO") -> OK
A4: 19640 | B4: 14536 | C4: 3 | D4: AIRTON JOSE BARBOSA DE ANDRADE | E4: Venda 14536 02/05/2026 R$550,00 , CF 14536 | F4: 550 | G4: =VLOOKUP(A4,'Relatório Vendas por Pedido'!$A$2:$G$252,7,FALSE) -> 520 | H4: =IF(G4=F4,"OK","ERRO") -> ERRO | I4: 30 | J4: outras despesas
A5: 19797 | B5: 14674 | C5: 4 | D5: AIRTON JOSE BARBOSA DE ANDRADE | E5: Venda 14674 21/05/2026 R$520,00 , CF 14674 | F5: 520 | G5: =VLOOKUP(A5,'Relatório Vendas por Pedido'!$A$2:$G$252,7,FALSE) -> 520 | H5: =IF(G5=F5,"OK","ERRO") -> OK
A6: 19866 | B6: 14694 | C6: 5 | D6: AIRTON JOSE BARBOSA DE ANDRADE | E6: Venda 14694 23/05/2026 R$520,00 , CF 14694 | F6: 520 | G6: =VLOOKUP(A6,'Relatório Vendas por Pedido'!$A$2:$G$252,7,FALSE) -> 520 | H6: =IF(G6=F6,"OK","ERRO") -> OK
A7: 19651 | B7: 14543 | C7: 6 | D7: ALAIDE MARTINS DE CERQUEIRA | E7: Venda 14543 04/05/2026 R$16,88 , CF 14543 | F7: 16.88 | G7: =VLOOKUP(A7,'Relatório Vendas por Pedido'!$A$2:$G$252,7,FALSE) -> 16.88 | H7: =IF(G7=F7,"OK","ERRO") -> OK
A8: 19718 | B8: 14588 | C8: 7 | D8: ALAIDE MARTINS DE CERQUEIRA | E8: Venda 14588 11/05/2026 R$452,72 , CF 14588 | F8: 452.72 | G8: =VLOOKUP(A8,'Relatório Vendas por Pedido'!$A$2:$G$252,7,FALSE) -> 452.72 | H8: =IF(G8=F8,"OK","ERRO") -> OK
A9: 19801 | B9: 14653 | C9: 8 | D9: ALAIDE MARTINS DE CERQUEIRA | E9: Venda 14653 18/05/2026 R$81,08 , CF 14653 | F9: 81.08 | G9: =VLOOKUP(A9,'Relatório Vendas por Pedido'!$A$2:$G$252,7,FALSE) -> 81.08 | H9: =IF(G9=F9,"OK","ERRO") -> OK
A10: 19925 | B10: 14727 | C10: 9 | D10: ALAIDE MARTINS DE CERQUEIRA | E10: Venda 14727 29/05/2026 R$435,84 , CF 14727 | F10: 435.84 | G10: =VLOOKUP(A10,'Relatório Vendas por Pedido'!$A$2:$G$252,7,FALSE) -> 435.84 | H10: =IF(G10=F10,"OK","ERRO") -> OK
A11: 19679 | B11: 4918 | C11: 10 | D11: ALICIA NUNES LACERDA - DPU | E11: Venda 4918 25/05/2026 R$2.242,50 | F11: 2242.5 | G11: =VLOOKUP(A11,'Relatório Vendas por Pedido'!$A$2:$G$252,7,FALSE) -> 2242.5 | H11: =IF(G11=F11,"OK","ERRO") -> OK
A12: 19649 | B12: 14553 | C12: 11 | D12: ALTAMIRA LEITE DA SILVA | E12: Venda 14553 04/05/2026 R$166,00 , CF 14553 | F12: 166 | G12: =VLOOKUP(A12,'Relatório Vendas por Pedido'!$A$2:$G$252,7,FALSE) -> 156 | H12: =IF(G12=F12,"OK","ERRO") -> ERRO | I12: 10 | J12: outras despesas
A13: 19705 | B13: 14580 | C13: 12 | D13: ALTAMIRA LEITE DA SILVA | E13: Venda 14580 08/05/2026 R$237,00 , CF 14580 | F13: 237 | G13: =VLOOKUP(A13,'Relatório Vendas por Pedido'!$A$2:$G$252,7,FALSE) -> 227.5 | H13: =IF(G13=F13,"OK","ERRO") -> ERRO | I13: 9.5 | J13: outras despesas
A14: 19749 | B14: 14618 | C14: 13 | D14: ALTAMIRA LEITE DA SILVA | E14: Venda 14618 14/05/2026 R$138,00 , CF 14618 | F14: 138 | G14: =VLOOKUP(A14,'Relatório Vendas por Pedido'!$A$2:$G$252,7,FALSE) -> 128 | H14: =IF(G14=F14,"OK","ERRO") -> ERRO | I14: 10 | J14: outras despesas
A15: 19798 | B15: 14652 | C15: 14 | D15: ALTAMIRA LEITE DA SILVA | E15: Venda 14652 18/05/2026 R$290,00 , CF 14652 | F15: 290 | G15: =VLOOKUP(A15,'Relatório Vendas por Pedido'!$A$2:$G$252,7,FALSE) -> 280 | H15: =IF(G15=F15,"OK","ERRO") -> ERRO | I15: 10 | J15: outras despesas
A16: 19889 | B16: 14713 | C16: 15 | D16: ALTAMIRA LEITE DA SILVA | E16: Venda 14713 27/05/2026 R$290,00 , CF 14713 | F16: 290 | G16: =VLOOKUP(A16,'Relatório Vendas por Pedido'!$A$2:$G$252,7,FALSE) -> 280 | H16: =IF(G16=F16,"OK","ERRO") -> ERRO | I16: 10 | J16: outras despesas
A17: 19757 | B17: 14623 | C17: 16 | D17: ANA BEATRIZ ALVES DA SILVA | E17: Venda 14623 14/05/2026 R$527,00 , CF 14623 | F17: 527 | G17: =VLOOKUP(A17,'Relatório Vendas por Pedido'!$A$2:$G$252,7,FALSE) -> 500 | H17: =IF(G17=F17,"OK","ERRO") -> ERRO | I17: 27 | J17: outras despesas
A18: 19673 | B18: 14560 | C18: 17 | D18: ANALIA MARIA DOS SANTOS | E18: Venda 14560 06/05/2026 R$214,00 , CF 14560 | F18: 214 | G18: =VLOOKUP(A18,'Relatório Vendas por Pedido'!$A$2:$G$252,7,FALSE) -> 200 | H18: =IF(G18=F18,"OK","ERRO") -> ERRO | I18: 14 | J18: outras despesas
A19: 19717 | B19: 14587 | C19: 18 | D19: ANALIA MARIA DOS SANTOS | E19: Venda 14587 11/05/2026 R$554,00 , CF 14587 | F19: 554 | G19: =VLOOKUP(A19,'Relatório Vendas por Pedido'!$A$2:$G$252,7,FALSE) -> 554 | H19: =IF(G19=F19,"OK","ERRO") -> OK
A20: 19882 | B20: 14702 | C20: 19 | D20: ANALIA MARIA DOS SANTOS | E20: Venda 14702 26/05/2026 R$135,00 , CF 14702 | F20: 135 | G20: =VLOOKUP(A20,'Relatório Vendas por Pedido'!$A$2:$G$252,7,FALSE) -> 135 | H20: =IF(G20=F20,"OK","ERRO") -> OK
A21: 19892 | B21: 14708 | C21: 20 | D21: ANALIA MARIA DOS SANTOS | E21: Venda 14708 27/05/2026 R$552,00 , CF 14708 | F21: 552 | G21: =VLOOKUP(A21,'Relatório Vendas por Pedido'!$A$2:$G$252,7,FALSE) -> 552 | H21: =IF(G21=F21,"OK","ERRO") -> OK
A22: 19641 | B22: 14535 | C22: 21 | D22: ANDREY MARTINS DOS SANTOS | E22: Venda 14535 02/05/2026 R$223,00 , CF 14535 | F22: 223 | G22: =VLOOKUP(A22,'Relatório Vendas por Pedido'!$A$2:$G$252,7,FALSE) -> 223 | H22: =IF(G22=F22,"OK","ERRO") -> OK
A23: 19711 | B23: 14584 | C23: 22 | D23: ANDREY MARTINS DOS SANTOS | E23: Venda 14584 11/05/2026 R$517,32 , CF 14584 | F23: 517.32 | G23: =VLOOKUP(A23,'Relatório Vendas por Pedido'!$A$2:$G$252,7,FALSE) -> 517.32 | H23: =IF(G23=F23,"OK","ERRO") -> OK
A24: 19870 | B24: 14698 | C24: 23 | D24: ANDREY MARTINS DOS SANTOS | E24: Venda 14698 25/05/2026 R$331,57 , CF 14698 | F24: 331.57 | G24: =VLOOKUP(A24,'Relatório Vendas por Pedido'!$A$2:$G$252,7,FALSE) -> 317.57 | H24: =IF(G24=F24,"OK","ERRO") -> ERRO | I24: 14 | J24: outras despesas
A25: 19830 | B25: 4907 | C25: 24 | D25: ANDREZA ALVES MONTEIRO COSTA - DROGARIA FARMAIS LTDA | E25: Venda 4907 20/05/2026 R$692,50 | F25: 692.5 | G25: =VLOOKUP(A25,'Relatório Vendas por Pedido'!$A$2:$G$252,7,FALSE) -> 682.5 | H25: =IF(G25=F25,"OK","ERRO") -> ERRO | I25: 10 | J25: outras despesas
A26: 19693 | B26: 14572 | C26: 25 | D26: ANTENOR OLIVEIRA MATOS | E26: Venda 14572 08/05/2026 R$100,00 , CF 14572 | F26: 100 | G26: =VLOOKUP(A26,'Relatório Vendas por Pedido'!$A$2:$G$252,7,FALSE) -> 100 | H26: =IF(G26=F26,"OK","ERRO") -> OK
A27: 19669 | B27: 14557 | C27: 26 | D27: ANTÔNIO JOSÉ DA SILVA ROCHA | E27: Venda 14557 05/05/2026 R$148,00 , CF 14557 | F27: 148 | G27: =VLOOKUP(A27,'Relatório Vendas por Pedido'!$A$2:$G$252,7,FALSE) -> 148 | H27: =IF(G27=F27,"OK","ERRO") -> OK
A28: 19742 | B28: 14612 | C28: 27 | D28: ANTÔNIO JOSÉ DA SILVA ROCHA | E28: Venda 14612 13/05/2026 R$148,00 , CF 14612 | F28: 148 | G28: =VLOOKUP(A28,'Relatório Vendas por Pedido'!$A$2:$G$252,7,FALSE) -> 148 | H28: =IF(G28=F28,"OK","ERRO") -> OK
A29: 19793 | B29: 14649 | C29: 28 | D29: ANTÔNIO JOSÉ DA SILVA ROCHA | E29: Venda 14649 16/05/2026 R$56,00 , CF 14649 | F29: 56 | G29: =VLOOKUP(A29,'Relatório Vendas por Pedido'!$A$2:$G$252,7,FALSE) -> 56 | H29: =IF(G29=F29,"OK","ERRO") -> OK
A30: 19650 | B30: 14552 | C30: 29 | D30: ANTONIO LIMA DE CRISTO | E30: Venda 14552 04/05/2026 R$262,74 , CF 14552 | F30: 262.74 | G30: =VLOOKUP(A30,'Relatório Vendas por Pedido'!$A$2:$G$252,7,FALSE) -> 253.74 | H30: =IF(G30=F30,"OK","ERRO") -> ERRO | I30: 9 | J30: outras despesas
A31: 19575 | B31: 4915 | C31: 30 | D31: ARTUR MIGUEL DE SIQUEIRA BRITO - DPU | E31: Venda 4915 22/05/2026 R$1.771,08 | F31: 1771.08 | G31: =VLOOKUP(A31,'Relatório Vendas por Pedido'!$A$2:$G$252,7,FALSE) -> 1771.08 | H31: =IF(G31=F31,"OK","ERRO") -> OK
A32: 19857 | B32: 4912 | C32: 31 | D32: ASSOCIACAO OBRAS SOCIAIS IRMA DULCE | E32: Venda 4912 22/05/2026 R$2.900,00 | F32: 2900 | G32: =VLOOKUP(A32,'Relatório Vendas por Pedido'!$A$2:$G$252,7,FALSE) -> 2900 | H32: =IF(G32=F32,"OK","ERRO") -> OK
A33: 19653 | B33: 14551 | C33: 32 | D33: Auzira Francisca da Silva Nero | E33: Venda 14551 04/05/2026 R$105,00 , CF 14551 | F33: 105 | G33: =VLOOKUP(A33,'Relatório Vendas por Pedido'!$A$2:$G$252,7,FALSE) -> 90 | H33: =IF(G33=F33,"OK","ERRO") -> ERRO | I33: 15 | J33: outras despesas
A34: 19695 | B34: 14577 | C34: 33 | D34: Auzira Francisca da Silva Nero | E34: Venda 14577 08/05/2026 R$130,00 , CF 14577 | F34: 130 | G34: =VLOOKUP(A34,'Relatório Vendas por Pedido'!$A$2:$G$252,7,FALSE) -> 114 | H34: =IF(G34=F34,"OK","ERRO") -> ERRO | I34: 16 | J34: outras despesas
A35: 19731 | B35: 14605 | C35: 34 | D35: Auzira Francisca da Silva Nero | E35: Venda 14605 12/05/2026 R$125,00 , CF 14605 | F35: 125 | G35: =VLOOKUP(A35,'Relatório Vendas por Pedido'!$A$2:$G$252,7,FALSE) -> 112 | H35: =IF(G35=F35,"OK","ERRO") -> ERRO | I35: 13 | J35: outras despesas
A36: 19776 | B36: 14647 | C36: 35 | D36: Auzira Francisca da Silva Nero | E36: Venda 14647 16/05/2026 R$100,00 , CF 14647 | F36: 100 | G36: =VLOOKUP(A36,'Relatório Vendas por Pedido'!$A$2:$G$252,7,FALSE) -> 88 | H36: =IF(G36=F36,"OK","ERRO") -> ERRO | I36: 12 | J36: outras despesas
A37: 19817 | B37: 14666 | C37: 36 | D37: Auzira Francisca da Silva Nero | E37: Venda 14666 19/05/2026 R$105,00 , CF 14666 | F37: 105 | G37: =VLOOKUP(A37,'Relatório Vendas por Pedido'!$A$2:$G$252,7,FALSE) -> 91 | H37: =IF(G37=F37,"OK","ERRO") -> ERRO | I37: 14 | J37: outras despesas
A38: 19862 | B38: 14690 | C38: 37 | D38: Auzira Francisca da Silva Nero | E38: Venda 14690 23/05/2026 R$100,00 , CF 14690 | F38: 100 | G38: =VLOOKUP(A38,'Relatório Vendas por Pedido'!$A$2:$G$252,7,FALSE) -> 84 | H38: =IF(G38=F38,"OK","ERRO") -> ERRO | I38: 16 | J38: outras despesas
A39: 19902 | B39: 14715 | C39: 38 | D39: Auzira Francisca da Silva Nero | E39: Venda 14715 27/05/2026 R$104,00 , CF 14715 | F39: 104 | G39: =VLOOKUP(A39,'Relatório Vendas por Pedido'!$A$2:$G$252,7,FALSE) -> 90 | H39: =IF(G39=F39,"OK","ERRO") -> ERRO | I39: 14 | J39: outras despesas
A40: 19674 | B40: 14609 | C40: 39 | D40: BARBARA SAYONARA SILVA COSTA | E40: Venda 14609 13/05/2026 R$120,00 , CF 14609 | F40: 120 | G40: =VLOOKUP(A40,'Relatório Vendas por Pedido'!$A$2:$G$252,7,FALSE) -> 120 | H40: =IF(G40=F40,"OK","ERRO") -> OK
A41: 19841 | B41: 4934 | C41: 40 | D41: BIGMED DISTRIBUIDORA DE PRODUTOS HOSPITALARES LTDA | E41: Venda 4934 29/05/2026 R$2.298,72 | F41: 2298.72 | G41: =VLOOKUP(A41,'Relatório Vendas por Pedido'!$A$2:$G$252,7,FALSE) -> 2298.72 | H41: =IF(G41=F41,"OK","ERRO") -> OK
A42: 19910 | B42: 4933 | C42: 41 | D42: BIGMED DISTRIBUIDORA DE PRODUTOS HOSPITALARES LTDA | E42: Venda 4933 28/05/2026 R$221,80 | F42: 221.8 | G42: =VLOOKUP(A42,'Relatório Vendas por Pedido'!$A$2:$G$252,7,FALSE) -> 221.8 | H42: =IF(G42=F42,"OK","ERRO") -> OK
A43: 19730 | B43: 4903 | C43: 42 | D43: BRUNO RAFAEL SANTOS SILVA - DPU | E43: Venda 4903 19/05/2026 R$1.484,59 | F43: 1484.59 | G43: =VLOOKUP(A43,'Relatório Vendas por Pedido'!$A$2:$G$252,7,FALSE) -> 1484.59 | H43: =IF(G43=F43,"OK","ERRO") -> OK
A44: 19780 | B44: 14636 | C44: 43 | D44: BRUNO SIQUEIRA RIOS | E44: Venda 14636 15/05/2026 R$485,84 , CF 14636 | F44: 485.84 | G44: =VLOOKUP(A44,'Relatório Vendas por Pedido'!$A$2:$G$252,7,FALSE) -> 485.84 | H44: =IF(G44=F44,"OK","ERRO") -> OK
A45: 19576 | B45: 4914 | C45: 44 | D45: CICERO JORGE DA CRUZ CARNEIRO - DPU | E45: Venda 4914 22/05/2026 R$1.670,37 | F45: 1670.37 | G45: =VLOOKUP(A45,'Relatório Vendas por Pedido'!$A$2:$G$252,7,FALSE) -> 1670.37 | H45: =IF(G45=F45,"OK","ERRO") -> OK
A46: 19774 | B46: 14632 | C46: 45 | D46: CLEITON PEREIRA DE SOUZA | E46: Venda 14632 15/05/2026 R$70,00 , CF 14632 | F46: 70 | G46: =VLOOKUP(A46,'Relatório Vendas por Pedido'!$A$2:$G$252,7,FALSE) -> 70 | H46: =IF(G46=F46,"OK","ERRO") -> OK
A47: 19642 | B47: 14540 | C47: 46 | D47: CONSUMIDOR FINAL | E47: Venda 14540 02/05/2026 R$347,00 , CF 14540 | F47: 347 | G47: =VLOOKUP(A47,'Relatório Vendas por Pedido'!$A$2:$G$252,7,FALSE) -> 336 | H47: =IF(G47=F47,"OK","ERRO") -> ERRO | I47: 11 | J47: outras despesas
A48: 19644 | B48: 14537 | C48: 47 | D48: CONSUMIDOR FINAL | E48: Venda 14537 02/05/2026 R$80,00 , CF 14537 | F48: 80 | G48: =VLOOKUP(A48,'Relatório Vendas por Pedido'!$A$2:$G$252,7,FALSE) -> 80 | H48: =IF(G48=F48,"OK","ERRO") -> OK
A49: 19646 | B49: 14542 | C49: 48 | D49: CONSUMIDOR FINAL | E49: Venda 14542 02/05/2026 R$140,00 , CF 14542 | F49: 140 | G49: =VLOOKUP(A49,'Relatório Vendas por Pedido'!$A$2:$G$252,7,FALSE) -> 140 | H49: =IF(G49=F49,"OK","ERRO") -> OK
A50: 19654 | B50: 14545 | C50: 49 | D50: CONSUMIDOR FINAL | E50: Venda 14545 04/05/2026 R$40,00 , CF 14545 | F50: 40 | G50: =VLOOKUP(A50,'Relatório Vendas por Pedido'!$A$2:$G$252,7,FALSE) -> 40 | H50: =IF(G50=F50,"OK","ERRO") -> OK
A51: 19655 | B51: 14546 | C51: 50 | D51: CONSUMIDOR FINAL | E51: Venda 14546 04/05/2026 R$160,00 , CF 14546 | F51: 160 | G51: =VLOOKUP(A51,'Relatório Vendas por Pedido'!$A$2:$G$252,7,FALSE) -> 160 | H51: =IF(G51=F51,"OK","ERRO") -> OK
A52: 19656 | B52: 14547 | C52: 51 | D52: CONSUMIDOR FINAL | E52: Venda 14547 04/05/2026 R$139,50 , CF 14547 | F52: 139.5 | G52: =VLOOKUP(A52,'Relatório Vendas por Pedido'!$A$2:$G$252,7,FALSE) -> 139.5 | H52: =IF(G52=F52,"OK","ERRO") -> OK
A53: 19662 | B53: 14550 | C53: 52 | D53: CONSUMIDOR FINAL | E53: Venda 14550 04/05/2026 R$112,00 , CF 14550 | F53: 112 | G53: =VLOOKUP(A53,'Relatório Vendas por Pedido'!$A$2:$G$252,7,FALSE) -> 112 | H53: =IF(G53=F53,"OK","ERRO") -> OK
A54: 19664 | B54: 14555 | C54: 53 | D54: CONSUMIDOR FINAL | E54: Venda 14555 05/05/2026 R$114,00 , CF 14555 | F54: 114 | G54: =VLOOKUP(A54,'Relatório Vendas por Pedido'!$A$2:$G$252,7,FALSE) -> 114 | H54: =IF(G54=F54,"OK","ERRO") -> OK
A55: 19668 | B55: 14556 | C55: 54 | D55: CONSUMIDOR FINAL | E55: Venda 14556 05/05/2026 R$371,00 , CF 14556 | F55: 371 | G55: =VLOOKUP(A55,'Relatório Vendas por Pedido'!$A$2:$G$252,7,FALSE) -> 371 | H55: =IF(G55=F55,"OK","ERRO") -> OK
A56: 19672 | B56: 14558 | C56: 55 | D56: CONSUMIDOR FINAL | E56: Venda 14558 06/05/2026 R$28,50 , CF 14558 | F56: 28.5 | G56: =VLOOKUP(A56,'Relatório Vendas por Pedido'!$A$2:$G$252,7,FALSE) -> 28.5 | H56: =IF(G56=F56,"OK","ERRO") -> OK
A57: 19677 | B57: 14562 | C57: 56 | D57: CONSUMIDOR FINAL | E57: Venda 14562 06/05/2026 R$28,00 , CF 14562 | F57: 28 | G57: =VLOOKUP(A57,'Relatório Vendas por Pedido'!$A$2:$G$252,7,FALSE) -> 28 | H57: =IF(G57=F57,"OK","ERRO") -> OK
A58: 19681 | B58: 14563 | C58: 57 | D58: CONSUMIDOR FINAL | E58: Venda 14563 07/05/2026 R$295,83 , CF 14563 | F58: 295.83 | G58: =VLOOKUP(A58,'Relatório Vendas por Pedido'!$A$2:$G$252,7,FALSE) -> 285.83 | H58: =IF(G58=F58,"OK","ERRO") -> ERRO | I58: 10 | J58: outras despesas
A59: 19683 | B59: 14565 | C59: 58 | D59: CONSUMIDOR FINAL | E59: Venda 14565 07/05/2026 R$20,00 , CF 14565 | F59: 20 | G59: =VLOOKUP(A59,'Relatório Vendas por Pedido'!$A$2:$G$252,7,FALSE) -> 20 | H59: =IF(G59=F59,"OK","ERRO") -> OK
A60: 19690 | B60: 14568 | C60: 59 | D60: CONSUMIDOR FINAL | E60: Venda 14568 08/05/2026 R$270,00 , CF 14568 | F60: 270 | G60: =VLOOKUP(A60,'Relatório Vendas por Pedido'!$A$2:$G$252,7,FALSE) -> 270 | H60: =IF(G60=F60,"OK","ERRO") -> OK
A61: 19698 | B61: 14574 | C61: 60 | D61: CONSUMIDOR FINAL | E61: Venda 14574 08/05/2026 R$127,75 , CF 14574 | F61: 127.75 | G61: =VLOOKUP(A61,'Relatório Vendas por Pedido'!$A$2:$G$252,7,FALSE) -> 127.75 | H61: =IF(G61=F61,"OK","ERRO") -> OK
A62: 19703 | B62: 14578 | C62: 61 | D62: CONSUMIDOR FINAL | E62: Venda 14578 08/05/2026 R$240,00 , CF 14578 | F62: 240 | G62: =VLOOKUP(A62,'Relatório Vendas por Pedido'!$A$2:$G$252,7,FALSE) -> 227.5 | H62: =IF(G62=F62,"OK","ERRO") -> ERRO | I62: 12.5 | J62: outras despesas
A63: 19706 | B63: 14579 | C63: 62 | D63: CONSUMIDOR FINAL | E63: Venda 14579 08/05/2026 R$182,00 , CF 14579 | F63: 182 | G63: =VLOOKUP(A63,'Relatório Vendas por Pedido'!$A$2:$G$252,7,FALSE) -> 182 | H63: =IF(G63=F63,"OK","ERRO") -> OK
A64: 19707 | B64: 14581 | C64: 63 | D64: CONSUMIDOR FINAL | E64: Venda 14581 09/05/2026 R$189,00 , CF 14581 | F64: 189 | G64: =VLOOKUP(A64,'Relatório Vendas por Pedido'!$A$2:$G$252,7,FALSE) -> 189 | H64: =IF(G64=F64,"OK","ERRO") -> OK
A65: 19708 | B65: 14582 | C65: 64 | D65: CONSUMIDOR FINAL | E65: Venda 14582 09/05/2026 R$198,50 , CF 14582 | F65: 198.5 | G65: =VLOOKUP(A65,'Relatório Vendas por Pedido'!$A$2:$G$252,7,FALSE) -> 188.5 | H65: =IF(G65=F65,"OK","ERRO") -> ERRO | I65: 10 | J65: outras despesas
A66: 19712 | B66: 14591 | C66: 65 | D66: CONSUMIDOR FINAL | E66: Venda 14591 11/05/2026 R$613,00 , CF 14591 | F66: 613 | G66: =VLOOKUP(A66,'Relatório Vendas por Pedido'!$A$2:$G$252,7,FALSE) -> 600 | H66: =IF(G66=F66,"OK","ERRO") -> ERRO | I66: 13 | J66: outras despesas
A67: 19716 | B67: 14589 | C67: 66 | D67: CONSUMIDOR FINAL | E67: Venda 14589 11/05/2026 R$273,00 , CF 14589 | F67: 273 | G67: =VLOOKUP(A67,'Relatório Vendas por Pedido'!$A$2:$G$252,7,FALSE) -> 273 | H67: =IF(G67=F67,"OK","ERRO") -> OK
A68: 19721 | B68: 14593 | C68: 67 | D68: CONSUMIDOR FINAL | E68: Venda 14593 11/05/2026 R$203,00 , CF 14593 | F68: 203 | G68: =VLOOKUP(A68,'Relatório Vendas por Pedido'!$A$2:$G$252,7,FALSE) -> 203 | H68: =IF(G68=F68,"OK","ERRO") -> OK
A69: 19723 | B69: 14594 | C69: 68 | D69: CONSUMIDOR FINAL | E69: Venda 14594 11/05/2026 R$143,60 , CF 14594 | F69: 143.6 | G69: =VLOOKUP(A69,'Relatório Vendas por Pedido'!$A$2:$G$252,7,FALSE) -> 143.6 | H69: =IF(G69=F69,"OK","ERRO") -> OK
A70: 19724 | B70: 14596 | C70: 69 | D70: CONSUMIDOR FINAL | E70: Venda 14596 12/05/2026 R$85,22 , CF 14596 | F70: 85.22 | G70: =VLOOKUP(A70,'Relatório Vendas por Pedido'!$A$2:$G$252,7,FALSE) -> 85.22 | H70: =IF(G70=F70,"OK","ERRO") -> OK
A71: 19726 | B71: 14597 | C71: 70 | D71: CONSUMIDOR FINAL | E71: Venda 14597 12/05/2026 R$90,00 , CF 14597 | F71: 90 | G71: =VLOOKUP(A71,'Relatório Vendas por Pedido'!$A$2:$G$252,7,FALSE) -> 90 | H71: =IF(G71=F71,"OK","ERRO") -> OK
A72: 19728 | B72: 14599 | C72: 71 | D72: CONSUMIDOR FINAL | E72: Venda 14599 12/05/2026 R$91,00 , CF 14599 | F72: 91 | G72: =VLOOKUP(A72,'Relatório Vendas por Pedido'!$A$2:$G$252,7,FALSE) -> 91 | H72: =IF(G72=F72,"OK","ERRO") -> OK
A73: 19732 | B73: 14601 | C73: 72 | D73: CONSUMIDOR FINAL | E73: Venda 14601 12/05/2026 R$102,06 , CF 14601 | F73: 102.06 | G73: =VLOOKUP(A73,'Relatório Vendas por Pedido'!$A$2:$G$252,7,FALSE) -> 102.06 | H73: =IF(G73=F73,"OK","ERRO") -> OK
A74: 19733 | B74: 14602 | C74: 73 | D74: CONSUMIDOR FINAL | E74: Venda 14602 12/05/2026 R$120,00 , CF 14602 | F74: 120 | G74: =VLOOKUP(A74,'Relatório Vendas por Pedido'!$A$2:$G$252,7,FALSE) -> 120 | H74: =IF(G74=F74,"OK","ERRO") -> OK
A75: 19734 | B75: 14603 | C75: 74 | D75: CONSUMIDOR FINAL | E75: Venda 14603 12/05/2026 R$280,00 , CF 14603 | F75: 280 | G75: =VLOOKUP(A75,'Relatório Vendas por Pedido'!$A$2:$G$252,7,FALSE) -> 280 | H75: =IF(G75=F75,"OK","ERRO") -> OK
A76: 19737 | B76: 14606 | C76: 75 | D76: CONSUMIDOR FINAL | E76: Venda 14606 13/05/2026 R$144,22 , CF 14606 | F76: 144.22 | G76: =VLOOKUP(A76,'Relatório Vendas por Pedido'!$A$2:$G$252,7,FALSE) -> 144.22 | H76: =IF(G76=F76,"OK","ERRO") -> OK
A77: 19738 | B77: 14607 | C77: 76 | D77: CONSUMIDOR FINAL | E77: Venda 14607 13/05/2026 R$73,00 , CF 14607 | F77: 73 | G77: =VLOOKUP(A77,'Relatório Vendas por Pedido'!$A$2:$G$252,7,FALSE) -> 73 | H77: =IF(G77=F77,"OK","ERRO") -> OK
A78: 19739 | B78: 14608 | C78: 77 | D78: CONSUMIDOR FINAL | E78: Venda 14608 13/05/2026 R$135,00 , CF 14608 | F78: 135 | G78: =VLOOKUP(A78,'Relatório Vendas por Pedido'!$A$2:$G$252,7,FALSE) -> 135 | H78: =IF(G78=F78,"OK","ERRO") -> OK
... A80: 19741 | B80: 14611 | C80: 79 | D80: CONSUMIDOR FINAL | E80: Venda 14611 13/05/2026 R$104,50 , CF 14611 | F80: 104.5 | G80: =VLOOKUP(A80,'Relatório Vendas por Pedido'!$A$2:$G$252,7,FALSE) -> 104.5 | H80: =IF(G80=F80,"OK","ERRO") -> OK
A81: 19746 | B81: 14613 | C81: 80 | D81: CONSUMIDOR FINAL | E81: Venda 14613 14/05/2026 R$123,00 , CF 14613 | F81: 123 | G81: =VLOOKUP(A81,'Relatório Vendas por Pedido'!$A$2:$G$252,7,FALSE) -> 110 | H81: =IF(G81=F81,"OK","ERRO") -> ERRO | I81: 13 | J81: outras despesas
A82: 19747 | B82: 14614 | C82: 81 | D82: CONSUMIDOR FINAL | E82: Venda 14614 14/05/2026 R$182,00 , CF 14614 | F82: 182 | G82: =VLOOKUP(A82,'Relatório Vendas por Pedido'!$A$2:$G$252,7,FALSE) -> 182 | H82: =IF(G82=F82,"OK","ERRO") -> OK
A83: 19752 | B83: 14616 | C83: 82 | D83: CONSUMIDOR FINAL | E83: Venda 14616 14/05/2026 R$345,00 , CF 14616 | F83: 345 | G83: =VLOOKUP(A83,'Relatório Vendas por Pedido'!$A$2:$G$252,7,FALSE) -> 336 | H83: =IF(G83=F83,"OK","ERRO") -> ERRO | I83: 9 | J83: outras despesas
A84: 19754 | B84: 14620 | C84: 83 | D84: CONSUMIDOR FINAL | E84: Venda 14620 14/05/2026 R$180,00 , CF 14620 | F84: 180 | G84: =VLOOKUP(A84,'Relatório Vendas por Pedido'!$A$2:$G$252,7,FALSE) -> 180 | H84: =IF(G84=F84,"OK","ERRO") -> OK
A85: 19758 | B85: 14621 | C85: 84 | D85: CONSUMIDOR FINAL | E85: Venda 14621 14/05/2026 R$136,50 , CF 14621 | F85: 136.5 | G85: =VLOOKUP(A85,'Relatório Vendas por Pedido'!$A$2:$G$252,7,FALSE) -> 136.5 | H85: =IF(G85=F85,"OK","ERRO") -> OK
A86: 19759 | B86: 14622 | C86: 85 | D86: CONSUMIDOR FINAL | E86: Venda 14622 14/05/2026 R$53,50 , CF 14622 | F86: 53.5 | G86: =VLOOKUP(A86,'Relatório Vendas por Pedido'!$A$2:$G$252,7,FALSE) -> 45.5 | H86: =IF(G86=F86,"OK","ERRO") -> ERRO | I86: 8 | J86: outras despesas
A87: 19761 | B87: 14625 | C87: 86 | D87: CONSUMIDOR FINAL | E87: Venda 14625 14/05/2026 R$188,50 , CF 14625 | F87: 188.5 | G87: =VLOOKUP(A87,'Relatório Vendas por Pedido'!$A$2:$G$252,7,FALSE) -> 176.5 | H87: =IF(G87=F87,"OK","ERRO") -> ERRO | I87: 12 | J87: outras despesas
A88: 19762 | B88: 14626 | C88: 87 | D88: CONSUMIDOR FINAL | E88: Venda 14626 15/05/2026 R$182,00 , CF 14626 | F88: 182 | G88: =VLOOKUP(A88,'Relatório Vendas por Pedido'!$A$2:$G$252,7,FALSE) -> 182 | H88: =IF(G88=F88,"OK","ERRO") -> OK
A89: 19769 | B89: 14634 | C89: 88 | D89: CONSUMIDOR FINAL | E89: Venda 14634 15/05/2026 R$387,96 , CF 14634 | F89: 387.96 | G89: =VLOOKUP(A89,'Relatório Vendas por Pedido'!$A$2:$G$252,7,FALSE) -> 378.96 | H89: =IF(G89=F89,"OK","ERRO") -> ERRO | I89: 9 | J89: outras despesas
A90: 19770 | B90: 14628 | C90: 89 | D90: CONSUMIDOR FINAL | E90: Venda 14628 15/05/2026 R$108,70 , CF 14628 | F90: 108.7 | G90: =VLOOKUP(A90,'Relatório Vendas por Pedido'!$A$2:$G$252,7,FALSE) -> 108.7 | H90: =IF(G90=F90,"OK","ERRO") -> OK
A91: 19771 | B91: 14630 | C91: 90 | D91: CONSUMIDOR FINAL | E91: Venda 14630 15/05/2026 R$974,00 , CF 14630 | F91: 974 | G91: =VLOOKUP(A91,'Relatório Vendas por Pedido'!$A$2:$G$252,7,FALSE) -> 960 | H91: =IF(G91=F91,"OK","ERRO") -> ERRO | I91: 14 | J91: outras despesas
A92: 19773 | B92: 14631 | C92: 91 | D92: CONSUMIDOR FINAL | E92: Venda 14631 15/05/2026 R$275,00 , CF 14631 | F92: 275 | G92: =VLOOKUP(A92,'Relatório Vendas por Pedido'!$A$2:$G$252,7,FALSE) -> 266 | H92: =IF(G92=F92,"OK","ERRO") -> ERRO | I92: 9 | J92: outras despesas
A93: 19783 | B93: 14638 | C93: 92 | D93: CONSUMIDOR FINAL | E93: Venda 14638 15/05/2026 R$272,00 , CF 14638 | F93: 272 | G93: =VLOOKUP(A93,'Relatório Vendas por Pedido'!$A$2:$G$252,7,FALSE) -> 262 | H93: =IF(G93=F93,"OK","ERRO") -> ERRO | I93: 10 | J93: outras despesas
A94: 19784 | B94: 14639 | C94: 93 | D94: CONSUMIDOR FINAL | E94: Venda 14639 15/05/2026 R$140,00 , CF 14639 | F94: 140 | G94: =VLOOKUP(A94,'Relatório Vendas por Pedido'!$A$2:$G$252,7,FALSE) -> 140 | H94: =IF(G94=F94,"OK","ERRO") -> OK
A95: 19785 | B95: 14640 | C95: 94 | D95: CONSUMIDOR FINAL | E95: Venda 14640 15/05/2026 R$207,00 , CF 14640 | F95: 207 | G95: =VLOOKUP(A95,'Relatório Vendas por Pedido'!$A$2:$G$252,7,FALSE) -> 207 | H95: =IF(G95=F95,"OK","ERRO") -> OK
A96: 19786 | B96: 14641 | C96: 95 | D96: CONSUMIDOR FINAL | E96: Venda 14641 15/05/2026 R$28,50 , CF 14641 | F96: 28.5 | G96: =VLOOKUP(A96,'Relatório Vendas por Pedido'!$A$2:$G$252,7,FALSE) -> 28.5 | H96: =IF(G96=F96,"OK","ERRO") -> OK
A97: 19788 | B97: 14642 | C97: 96 | D97: CONSUMIDOR FINAL | E97: Venda 14642 15/05/2026 R$95,78 , CF 14642 | F97: 95.78 | G97: =VLOOKUP(A97,'Relatório Vendas por Pedido'!$A$2:$G$252,7,FALSE) -> 95.78 | H97: =IF(G97=F97,"OK","ERRO") -> OK
A98: 19789 | B98: 14643 | C98: 97 | D98: CONSUMIDOR FINAL | E98: Venda 14643 15/05/2026 R$378,00 , CF 14643 | F98: 378 | G98: =VLOOKUP(A98,'Relatório Vendas por Pedido'!$A$2:$G$252,7,FALSE) -> 378 | H98: =IF(G98=F98,"OK","ERRO") -> OK
A99: 19790 | B99: 14644 | C99: 98 | D99: CONSUMIDOR FINAL | E99: Venda 14644 15/05/2026 R$630,00 , CF 14644 | F99: 630 | G99: =VLOOKUP(A99,'Relatório Vendas por Pedido'!$A$2:$G$252,7,FALSE) -> 630 | H99: =IF(G99=F99,"OK","ERRO") -> OK
A100: 19792 | B100: 14646 | C100: 99 | D100: CONSUMIDOR FINAL | E100: Venda 14646 16/05/2026 R$191,56 , CF 14646 | F100: 191.56 | G100: =VLOOKUP(A100,'Relatório Vendas por Pedido'!$A$2:$G$252,7,FALSE) -> 191.56 | H100: =IF(G100=F100,"OK","ERRO") -> OK
A101: 19794 | B101: 14648 | C101: 100 | D101: CONSUMIDOR FINAL | E101: Venda 14648 16/05/2026 R$202,00 , CF 14648 | F101: 202 | G101: =VLOOKUP(A101,'Relatório Vendas por Pedido'!$A$2:$G$252,7,FALSE) -> 202 | H101: =IF(G101=F101,"OK","ERRO") -> OK
...

Sheet Relatório Vendas por Pedido
A1: Nr. Pedido | B1: Valor Bruto | C1: Descontos | D1: Valor Líquido | E1: Valor Líquido com ICMS Subst. | F1: Valor Frete | H1: Pont Com | I1: Status | J1: Diferença
A2: 16620 | B2: 5495.4 | C2: 0 | D2: 5495.4 | E2: 5495.4 | F2: 0 | G2: =E2+F2 -> 5495.4 | H2: 5495.4 | I2: OK
A3: 19329 | B3: 86.82 | C3: 14.82 | D3: 72 | E3: 72 | F3: 0 | G3: =E3+F3 -> 72 | H3: 72 | I3: OK
A4: 19464 | B4: 780 | C4: 0 | D4: 780 | E4: 780 | F4: 0 | G4: =E4+F4 -> 780 | H4: 780 | I4: OK
A5: 19491 | B5: 221.1 | C5: 11.1 | D5: 210 | E5: 210 | F5: 0 | G5: =E5+F5 -> 210 | H5: 210 | I5: OK
A6: 19565 | B6: 2175.38 | C6: 0 | D6: 2175.38 | E6: 2175.38 | F6: 0 | G6: =E6+F6 -> 2175.38 | H6: 2175.38 | I6: OK
A7: 19575 | B7: 1811.76 | C7: 40.68 | D7: 1771.08 | E7: 1771.08 | F7: 0 | G7: =E7+F7 -> 1771.08 | H7: 1771.08 | I7: OK
A8: 19576 | B8: 1670.37 | C8: 0 | D8: 1670.37 | E8: 1670.37 | F8: 0 | G8: =E8+F8 -> 1670.37 | H8: 1670.37 | I8: OK
A9: 19577 | B9: 2017.71 | C9: 0 | D9: 2017.71 | E9: 2017.71 | F9: 0 | G9: =E9+F9 -> 2017.71 | H9: 2017.71 | I9: OK
A10: 19579 | B10: 498.21 | C10: 23.21 | D10: 475 | E10: 475 | F10: 0 | G10: =E10+F10 -> 475 | H10: 475 | I10: OK
A11: 19605 | B11: 500 | C11: 0 | D11: 500 | E11: 500 | F11: 0 | G11: =E11+F11 -> 500 | H11: 500 | I11: OK
A12: 19624 | B12: 2893.6 | C12: 0 | D12: 2893.6 | E12: 2893.6 | F12: 0 | G12: =E12+F12 -> 2893.6 | H12: 2893.6 | I12: OK
A13: 19635 | B13: 1238.27 | C13: 44.7 | D13: 1193.57 | E13: 1193.57 | F13: 30 | G13: =E13+F13 -> 1223.57 | H13: 1223.57 | I13: =IF(G13=H13,"ok","erro") -> ok | J13: =IF(I13="ok","frete","") -> frete
A14: 19637 | B14: 980.82 | C14: 0 | D14: 980.82 | E14: 980.82 | F14: 40.01 | G14: =E14+F14 -> 1020.83 | H14: 1020.82 | I14: ok | J14: frete/arredond
A15: 19640 | B15: 545.32 | C15: 25.32 | D15: 520 | E15: 520 | F15: 0 | G15: =E15+F15 -> 520 | H15: 550 | I15: =IF(G15=H15,"ok","erro") -> erro | J15: outras despesas
A16: 19641 | B16: 233.7 | C16: 10.7 | D16: 223 | E16: 223 | F16: 0 | G16: =E16+F16 -> 223 | H16: 223 | I16: OK
A17: 19642 | B17: 353.64 | C17: 17.64 | D17: 336 | E17: 336 | F17: 0 | G17: =E17+F17 -> 336 | H17: 347 | I17: =IF(G17=H17,"ok","erro") -> erro | J17: outras despesas
A18: 19643 | B18: 176.82 | C18: 8.82 | D18: 168 | E18: 168 | F18: 0 | G18: =E18+F18 -> 168 | H18: 180 | I18: =IF(G18=H18,"ok","erro") -> erro | J18: outras despesas
A19: 19644 | B19: 84.22 | C19: 4.22 | D19: 80 | E19: 80 | F19: 0 | G19: =E19+F19 -> 80 | H19: 80 | I19: OK
A20: 19645 | B20: 354 | C20: 0 | D20: 354 | E20: 354 | F20: 7 | G20: =E20+F20 -> 361 | H20: 361 | I20: =IF(G20=H20,"ok","erro") -> ok | J20: =IF(I20="ok","frete","") -> frete
A21: 19646 | B21: 147.4 | C21: 7.4 | D21: 140 | E21: 140 | F21: 0 | G21: =E21+F21 -> 140 | H21: 140 | I21: OK
A22: 19648 | B22: 2049 | C22: 0 | D22: 2049 | E22: 2049 | F22: 0 | G22: =E22+F22 -> 2049 | H22: 2049 | I22: OK
A23: 19649 | B23: 163.35 | C23: 7.35 | D23: 156 | E23: 156 | F23: 0 | G23: =E23+F23 -> 156 | H23: 166 | I23: =IF(G23=H23,"ok","erro") -> erro | J23: prov. outras desp.
A24: 19650 | B24: 253.74 | C24: 0 | D24: 253.74 | E24: 253.74 | F24: 0 | G24: =E24+F24 -> 253.74 | H24: 262.74 | I24: =IF(G24=H24,"ok","erro") -> erro | J24: prov. outras desp.
A25: 19651 | B25: 16.88 | C25: 0 | D25: 16.88 | E25: 16.88 | F25: 0 | G25: =E25+F25 -> 16.88 | H25: 16.88 | I25: OK
A26: 19652 | B26: 353.64 | C26: 17.64 | D26: 336 | E26: 336 | F26: 0 | G26: =E26+F26 -> 336 | H26: 336 | I26: OK
A27: 19653 | B27: 94.41 | C27: 4.41 | D27: 90 | E27: 90 | F27: 0 | G27: =E27+F27 -> 90 | H27: 105 | I27: =IF(G27=H27,"ok","erro") -> erro | J27: prov. outras desp.
A28: 19654 | B28: 42.11 | C28: 2.11 | D28: 40 | E28: 40 | F28: 0 | G28: =E28+F28 -> 40 | H28: 40 | I28: OK
A29: 19655 | B29: 168.44 | C29: 8.44 | D29: 160 | E29: 160 | F29: 0 | G29: =E29+F29 -> 160 | H29: 160 | I29: OK
A30: 19656 | B30: 139.5 | C30: 0 | D30: 139.5 | E30: 139.5 | F30: 0 | G30: =E30+F30 -> 139.5 | H30: 139.5 | I30: OK
A31: 19657 | B31: 766.92 | C31: 0 | D31: 766.92 | E31: 766.92 | F31: 39.99 | G31: =E31+F31 -> 806.91 | H31: 806.92 | I31: ok | J31: frete/arredond
A32: 19658 | B32: 2114.31 | C32: 0 | D32: 2114.31 | E32: 2114.31 | F32: 0 | G32: =E32+F32 -> 2114.31 | H32: 2114.31 | I32: OK
A33: 19660 | B33: 117.92 | C33: 5.92 | D33: 112 | E33: 112 | F33: 0 | G33: =E33+F33 -> 112 | H33: 112 | I33: OK
A34: 19661 | B34: 40 | C34: 0 | D34: 40 | E34: 40 | F34: 0 | G34: =E34+F34 -> 40 | H34: 40 | I34: OK
A35: 19662 | B35: 117.92 | C35: 5.92 | D35: 112 | E35: 112 | F35: 0 | G35: =E35+F35 -> 112 | H35: 112 | I35: OK
A36: 19663 | B36: 353.64 | C36: 11.64 | D36: 342 | E36: 342 | F36: 0 | G36: =E36+F36 -> 342 | H36: 349 | I36: =IF(G36=H36,"ok","erro") -> erro | J36: prov. outras desp.
A37: 19664 | B37: 120 | C37: 6 | D37: 114 | E37: 114 | F37: 0 | G37: =E37+F37 -> 114 | H37: 114 | I37: OK
A38: 19668 | B38: 383.53 | C38: 12.53 | D38: 371 | E38: 371 | F38: 0 | G38: =E38+F38 -> 371 | H38: 371 | I38: OK
A39: 19669 | B39: 155.35 | C39: 7.35 | D39: 148 | E39: 148 | F39: 0 | G39: =E39+F39 -> 148 | H39: 148 | I39: OK
A40: 19670 | B40: 1214.5 | C40: 239.5 | D40: 975 | E40: 975 | F40: 0 | G40: =E40+F40 -> 975 | H40: 975 | I40: OK
A41: 19672 | B41: 29.47 | C41: 0.97 | D41: 28.5 | E41: 28.5 | F41: 0 | G41: =E41+F41 -> 28.5 | H41: 28.5 | I41: OK
A42: 19673 | B42: 210.55 | C42: 10.55 | D42: 200 | E42: 200 | F42: 0 | G42: =E42+F42 -> 200 | H42: 214 | I42: =IF(G42=H42,"ok","erro") -> erro | J42: prov. outras desp.
A43: 19674 | B43: 126.35 | C43: 6.35 | D43: 120 | E43: 120 | F43: 0 | G43: =E43+F43 -> 120 | H43: 120 | I43: OK
A44: 19675 | B44: 120 | C44: 0 | D44: 120 | E44: 120 | F44: 0 | G44: =E44+F44 -> 120 | H44: 120 | I44: OK
A45: 19676 | B45: 505.32 | C45: 25.32 | D45: 480 | E45: 480 | F45: 0 | G45: =E45+F45 -> 480 | H45: 492 | I45: =IF(G45=H45,"ok","erro") -> erro | J45: prov. outras desp.
A46: 19677 | B46: 29.47 | C46: 1.47 | D46: 28 | E46: 28 | F46: 0 | G46: =E46+F46 -> 28 | H46: 28 | I46: OK
A47: 19678 | B47: 2651.15 | C47: 0 | D47: 2651.15 | E47: 2651.15 | F47: 0 | G47: =E47+F47 -> 2651.15 | H47: 2651.15 | I47: OK
A48: 19679 | B48: 2242.5 | C48: 0 | D48: 2242.5 | E48: 2242.5 | F48: 0 | G48: =E48+F48 -> 2242.5 | H48: 2242.5 | I48: OK
A49: 19681 | B49: 300.9 | C49: 15.07 | D49: 285.83 | E49: 285.83 | F49: 0 | G49: =E49+F49 -> 285.83 | H49: 295.83 | I49: =IF(G49=H49,"ok","erro") -> erro | J49: prov. outras desp.
A50: 19682 | B50: 505.32 | C50: 25.32 | D50: 480 | E50: 480 | F50: 0 | G50: =E50+F50 -> 480 | H50: 480 | I50: OK
A51: 19683 | B51: 20 | C51: 0 | D51: 20 | E51: 20 | F51: 0 | G51: =E51+F51 -> 20 | H51: 20 | I51: OK
A52: 19685 | B52: 313 | C52: 0 | D52: 313 | E52: 313 | F52: 30 | G52: =E52+F52 -> 343 | H52: 343 | I52: =IF(G52=H52,"ok","erro") -> ok | J52: =IF(I52="ok","frete","") -> frete
A53: 19687 | B53: 126.33 | C53: 6.33 | D53: 120 | E53: 120 | F53: 0 | G53: =E53+F53 -> 120 | H53: 134 | I53: =IF(G53=H53,"ok","erro") -> erro | J53: prov. outras desp.
A54: 19688 | B54: 419.95 | C54: 0 | D54: 419.95 | E54: 419.95 | F54: 30 | G54: =E54+F54 -> 449.95 | H54: 449.95 | I54: =IF(G54=H54,"ok","erro") -> ok | J54: =IF(I54="ok","frete","") -> frete
A55: 19689 | B55: 631.12 | C55: 28.68 | D55: 602.44 | E55: 602.44 | F55: 0 | G55: =E55+F55 -> 602.44 | H55: 602.44 | I55: OK
A56: 19690 | B56: 285 | C56: 15 | D56: 270 | E56: 270 | F56: 0 | G56: =E56+F56 -> 270 | H56: 270 | I56: OK
A57: 19691 | B57: 2690.64 | C57: 68.64 | D57: 2622 | E57: 2622 | F57: 0 | G57: =E57+F57 -> 2622 | H57: 2622 | I57: OK
A58: 19692 | B58: 30 | C58: 0 | D58: 30 | E58: 30 | F58: 0 | G58: =E58+F58 -> 30 | H58: 30 | I58: OK
A59: 19693 | B59: 100 | C59: 0 | D59: 100 | E59: 100 | F59: 0 | G59: =E59+F59 -> 100 | H59: 100 | I59: OK
A60: 19694 | B60: 110 | C60: 5 | D60: 105 | E60: 105 | F60: 0 | G60: =E60+F60 -> 105 | H60: 105 | I60: OK
A61: 19695 | B61: 120 | C61: 6 | D61: 114 | E61: 114 | F61: 0 | G61: =E61+F61 -> 114 | H61: 130 | I61: =IF(G61=H61,"ok","erro") -> erro | J61: prov. outras desp.
A62: 19697 | B62: 1509.9 | C62: 0 | D62: 1509.9 | E62: 1509.9 | F62: 0 | G62: =E62+F62 -> 1509.9 | H62: 1509.9 | I62: OK
A63: 19698 | B63: 134.5 | C63: 6.75 | D63: 127.75 | E63: 127.75 | F63: 0 | G63: =E63+F63 -> 127.75 | H63: 127.75 | I63: OK
A64: 19699 | B64: 1760 | C64: 0 | D64: 1760 | E64: 1760 | F64: 0 | G64: =E64+F64 -> 1760 | H64: 1760 | I64: OK
A65: 19701 | B65: 350.4 | C65: 0 | D65: 350.4 | E65: 350.4 | F65: 0 | G65: =E65+F65 -> 350.4 | H65: 350.4 | I65: OK
A66: 19702 | B66: 574.68 | C66: 0 | D66: 574.68 | E66: 574.68 | F66: 0 | G66: =E66+F66 -> 574.68 | H66: 586.68 | I66: =IF(G66=H66,"ok","erro") -> erro | J66: prov. outras desp.
A67: 19703 | B67: 239.45 | C67: 11.95 | D67: 227.5 | E67: 227.5 | F67: 0 | G67: =E67+F67 -> 227.5 | H67: 240 | I67: =IF(G67=H67,"ok","erro") -> erro | J67: prov. outras desp.
A68: 19704 | B68: 716 | C68: 0 | D68: 716 | E68: 716 | F68: 0 | G68: =E68+F68 -> 716 | H68: 716 | I68: OK
A69: 19705 | B69: 239.45 | C69: 11.95 | D69: 227.5 | E69: 227.5 | F69: 0 | G69: =E69+F69 -> 227.5 | H69: 237 | I69: =IF(G69=H69,"ok","erro") -> erro | J69: prov. outras desp.
A70: 19706 | B70: 191.56 | C70: 9.56 | D70: 182 | E70: 182 | F70: 0 | G70: =E70+F70 -> 182 | H70: 182 | I70: OK
A71: 19707 | B71: 196 | C71: 7 | D71: 189 | E71: 189 | F71: 0 | G71: =E71+F71 -> 189 | H71: 189 | I71: OK
A72: 19708 | B72: 197.6 | C72: 9.1 | D72: 188.5 | E72: 188.5 | F72: 0 | G72: =E72+F72 -> 188.5 | H72: 198.5 | I72: =IF(G72=H72,"ok","erro") -> erro | J72: prov. outras desp.
A73: 19709 | B73: 606.36 | C73: 30.36 | D73: 576 | E73: 576 | F73: 0 | G73: =E73+F73 -> 576 | H73: 584 | I73: =IF(G73=H73,"ok","erro") -> erro | J73: prov. outras desp.
A74: 19710 | B74: 3158 | C74: 388 | D74: 2770 | E74: 2770 | F74: 0 | G74: =E74+F74 -> 2770 | H74: 2770 | I74: OK
A75: 19711 | B75: 517.32 | C75: 0 | D75: 517.32 | E75: 517.32 | F75: 0 | G75: =E75+F75 -> 517.32 | H75: 517.32 | I75: OK
A76: 19712 | B76: 631.65 | C76: 31.65 | D76: 600 | E76: 600 | F76: 0 | G76: =E76+F76 -> 600 | H76: 613 | I76: =IF(G76=H76,"ok","erro") -> erro | J76: prov. outras desp.
A77: 19713 | B77: 574.68 | C77: 28.68 | D77: 546 | E77: 546 | F77: 0 | G77: =E77+F77 -> 546 | H77: 558 | I77: =IF(G77=H77,"ok","erro") -> erro | J77: prov. outras desp.
A78: 19714 | B78: 718.35 | C78: 35.85 | D78: 682.5 | E78: 682.5 | F78: 0 | G78: =E78+F78 -> 682.5 | H78: 692.5 | I78: =IF(G78=H78,"ok","erro") -> erro | J78: prov. outras desp.
A79: 19715 | B79: 112 | C79: 4 | D79: 108 | E79: 108 | F79: 0 | G79: =E79+F79 -> 108 | H79: 108 | I79: OK
A80: 19716 | B80: 287.34 | C80: 14.34 | D80: 273 | E80: 273 | F80: 0 | G80: =E80+F80 -> 273 | H80: 273 | I80: OK
A81: 19717 | B81: 582.68 | C81: 28.68 | D81: 554 | E81: 554 | F81: 0 | G81: =E81+F81 -> 554 | H81: 554 | I81: OK
A82: 19718 | B82: 452.72 | C82: 0 | D82: 452.72 | E82: 452.72 | F82: 0 | G82: =E82+F82 -> 452.72 | H82: 452.72 | I82: OK
A83: 19719 | B83: 250.55 | C83: 10.55 | D83: 240 | E83: 240 | F83: 0 | G83: =E83+F83 -> 240 | H83: 247 | I83: =IF(G83=H83,"ok","erro") -> erro | J83: prov. outras desp.
A84: 19720 | B84: 189.48 | C84: 9.48 | D84: 180 | E84: 180 | F84: 0 | G84: =E84+F84 -> 180 | H84: 192 | I84: =IF(G84=H84,"ok","erro") -> erro | J84: prov. outras desp.
A85: 19721 | B85: 215.77 | C85: 12.77 | D85: 203 | E85: 203 | F85: 0 | G85: =E85+F85 -> 203 | H85: 203 | I85: OK
A86: 19722 | B86: 1030.8 | C86: 0 | D86: 1030.8 | E86: 1030.8 | F86: 0 | G86: =E86+F86 -> 1030.8 | H86: 1030.8 | I86: OK
A87: 19723 | B87: 143.7 | C87: 0.1 | D87: 143.6 | E87: 143.6 | F87: 0 | G87: =E87+F87 -> 143.6 | H87: 143.6 | I87: OK
A88: 19724 | B88: 88.22 | C88: 3 | D88: 85.22 | E88: 85.22 | F88: 0 | G88: =E88+F88 -> 85.22 | H88: 85.22 | I88: OK
A89: 19725 | B89: 398.96 | C89: 0 | D89: 398.96 | E89: 398.96 | F89: 0 | G89: =E89+F89 -> 398.96 | H89: 412.96 | I89: =IF(G89=H89,"ok","erro") -> erro | J89: prov. outras desp.
A90: 19726 | B90: 94.74 | C90: 4.74 | D90: 90 | E90: 90 | F90: 0 | G90: =E90+F90 -> 90 | H90: 90 | I90: OK
A91: 19728 | B91: 95.78 | C91: 4.78 | D91: 91 | E91: 91 | F91: 0 | G91: =E91+F91 -> 91 | H91: 91 | I91: OK
A92: 19729 | B92: 378.96 | C92: 18.96 | D92: 360 | E92: 360 | F92: 0 | G92: =E92+F92 -> 360 | H92: 360 | I92: OK
A93: 19730 | B93: 1484.59 | C93: 0 | D93: 1484.59 | E93: 1484.59 | F93: 0 | G93: =E93+F93 -> 1484.59 | H93: 1484.59 | I93: OK
A94: 19731 | B94: 117.88 | C94: 5.88 | D94: 112 | E94: 112 | F94: 0 | G94: =E94+F94 -> 112 | H94: 125 | I94: =IF(G94=H94,"ok","erro") -> erro | J94: prov. outras desp.
A95: 19732 | B95: 113.4 | C95: 11.34 | D95: 102.06 | E95: 102.06 | F95: 0 | G95: =E95+F95 -> 102.06 | H95: 102.06 | I95: OK
A96: 19733 | B96: 120 | C96: 0 | D96: 120 | E96: 120 | F96: 0 | G96: =E96+F96 -> 120 | H96: 120 | I96: OK
A97: 19734 | B97: 280 | C97: 0 | D97: 280 | E97: 280 | F97: 0 | G97: =E97+F97 -> 280 | H97: 280 | I97: OK
A98: 19735 | B98: 435.84 | C98: 0 | D98: 435.84 | E98: 435.84 | F98: 0 | G98: =E98+F98 -> 435.84 | H98: 444.84 | I98: =IF(G98=H98,"ok","erro") -> erro | J98: prov. outras desp.
A99: 19736 | B99: 425.78 | C99: 0 | D99: 425.78 | E99: 425.78 | F99: 90.01 | G99: =E99+F99 -> 515.79 | H99: 515.78 | I99: ok | J99: frete/arredond
A100: 19737 | B100: 144.22 | C100: 0 | D100: 144.22 | E100: 144.22 | F100: 0 | G100: =E100+F100 -> 144.22 | H100: 144.22 | I100: OK
...

Sheet Comissão Vendedores
A1: Vendedor | B1: Pedidos | C1: Total Venda | D1: Comissão
A2: AMANDA SUED TEXEIRA AMORIM | B2: 41 | C2: Vendas sem Nota: R$ 0,00 | D2: Comissão: R$ 0,00
A3: CPF: 100.519.444-05 | C3: Vendas com Nota: R$ 9.945,34 | D3: Devoluções: R$ 0,00
C4: Total Vendas: R$ 9.945,34
C5: Devoluções: R$ 0,00 | D5: Total: R$ 0,00
C7: Total: R$ 9.945,34
A8: GILZETE VIANA MOURA | B8: 17 | C8: Vendas sem Nota: R$ 0,00 | D8: Comissão: R$ 0,00
A9: CPF: 211.847.984-00 | C9: Vendas com Nota: R$ 32.542,49 | D9: Devoluções: R$ 0,00
C10: Total Vendas: R$ 32.542,49
C11: Devoluções: R$ 0,00 | D11: Total: R$ 0,00
C13: Total: R$ 32.542,49
A14: JOSE AMERICO DE SOUSA MOURA JUNIOR | B14: 2 | C14: Vendas sem Nota: R$ 0,00 | D14: Comissão: R$ 0,00
A15: CPF: 113.591.874-05 | C15: Vendas com Nota: R$ 1.707,40 | D15: Devoluções: R$ 0,00
C16: Total Vendas: R$ 1.707,40
C17: Devoluções: R$ 0,00 | D17: Total: R$ 0,00
C19: Total: R$ 1.707,40
A20: LUIS OTAVIO GOMES DO NASCIMENTO CARDOSO MOURA | B20: 17 | C20: Vendas sem Nota: R$ 0,00 | D20: Comissão: R$ 0,00
A21: CPF: 113.592.024-98 | C21: Vendas com Nota: R$ 3.507,31 | D21: Devoluções: R$ 0,00
C22: Total Vendas: R$ 3.507,31
C23: Devoluções: R$ 0,00 | D23: Total: R$ 0,00
C25: Total: R$ 3.507,31
A26: MARIA MIRELI RODRIGUES LEANDRO | B26: 139 | C26: Vendas sem Nota: R$ 0,00 | D26: Comissão: R$ 0,00
A27: CPF: 492.156.408-60 | C27: Vendas com Nota: R$ 40.932,96 | D27: Devoluções: R$ 0,00
C28: Total Vendas: R$ 40.932,96
C29: Devoluções: R$ 1.637,14 | D29: Total: R$ 0,00
C31: Total: R$ 39.295,82
A32: VIRNA GOMES DO NASCIMENTO CARDOSO CHAVES | B32: 35 | C32: Vendas sem Nota: R$ 72,00 | D32: Comissão: R$ 0,00
A33: CPF: 042.954.994-63 | C33: Vendas com Nota: R$ 102.383,17 | D33: Devoluções: R$ 0,00
C34: Total Vendas: R$ 102.455,17
C35: Devoluções: R$ 0,00 | D35: Total: R$ 0,00
C37: Total: R$ 102.455,17
A38: TOTAL VENDAS | B38: 251 | C38: 191090.67 | D38: 0
A39: TOTAL DEVOLUÇÕES | C39: 1637.14 | D39: 0
A40: TOTAL | C40: 189453.53 | D40: 0

Sheet Relatório Vendas por NF
A1: Nr. Nota | B1: Valor Bruto | C1: Descontos | D1: Valor Líquido | E1: Valor Frete | F1: Pont Com | G1: Status
A2: 14535 | B2: 233.7 | C2: 10.7 | D2: 223 | E2: 0 | F2: 223 | G2: OK
A3: 14536 | B3: 575.32 | C3: 25.32 | D3: 550 | E3: 0 | F3: 550 | G3: OK
A4: 14537 | B4: 84.22 | C4: 4.22 | D4: 80 | E4: 0 | F4: 80 | G4: OK
A5: 14538 | B5: 498.21 | C5: 23.21 | D5: 475 | E5: 0 | F5: 475 | G5: OK
A6: 14539 | B6: 188.82 | C6: 8.82 | D6: 180 | E6: 0 | F6: 180 | G6: OK
A7: 14540 | B7: 364.64 | C7: 17.64 | D7: 347 | E7: 0 | F7: 347 | G7: OK
A8: 14541 | B8: 361 | C8: 0 | D8: 361 | E8: 7 | F8: 361 | G8: OK
A9: 14542 | B9: 147.4 | C9: 7.4 | D9: 140 | E9: 0 | F9: 140 | G9: OK
A10: 14543 | B10: 16.88 | C10: 0 | D10: 16.88 | E10: 0 | F10: 16.88 | G10: OK
A11: 14544 | B11: 353.64 | C11: 17.64 | D11: 336 | E11: 0 | F11: 336 | G11: OK
A12: 14545 | B12: 42.11 | C12: 2.11 | D12: 40 | E12: 0 | F12: 40 | G12: OK
A13: 14546 | B13: 168.44 | C13: 8.44 | D13: 160 | E13: 0 | F13: 160 | G13: OK
... A124: 14659 | B124: 111.78 | C124: 4.78 | D124: 107 | E124: 0 | F124: 107 | G124: OK
A125: 14660 | B125: 126.32 | C125: 6.32 | D125: 120 | E125: 0 | F125: 137 | G125: ERRO | H125: pedido 19811 alterado no financeiro
A126: 14661 | B126: 361 | C126: 0 | D126: 361 | E126: 7 | F126: 361 | G126: OK
A127: 14662 | B127: 765.92 | C127: 37.92 | D127: 728 | E127: 0 | F127: 728 | G127: OK
A128: 14663 | B128: 328.4 | C128: 0 | D128: 328.4 | E128: 0 | F128: 328.4 | G128: OK
A129: 14664 | B129: 191.56 | C129: 9.56 | D129: 182 | E129: 0 | F129: 182 | G129: OK
A130: 14665 | B130: 126.32 | C130: 6.32 | D130: 120 | E130: 0 | F130: 120 | G130: OK
A131: 14666 | B131: 108.41 | C131: 3.41 | D131: 105 | E131: 0 | F131: 105 | G131: OK
A132: 14667 | B132: 651.12 | C132: 28.68 | D132: 622.44 | E132: 0 | F132: 622.44 | G132: OK
A133: 14668 | B133: 229.16 | C133: 7.16 | D133: 222 | E133: 0 | F133: 222 | G133: OK
A134: 14669 | B134: 108.7 | C134: 0 | D134: 108.7 | E134: 0 | F134: 108.7 | G134: OK
A135: 14670 | B135: 190.82 | C135: 8.82 | D135: 182 | E135: 0 | F135: 182 | G135: OK
A136: 14671 | B136: 82.1 | C136: 0 | D136: 82.1 | E136: 0 | F136: 82.1 | G136: OK
A137: 14672 | B137: 575.52 | C137: 0 | D137: 575.52 | E137: 0 | F137: 575.52 | G137: OK
... A187: 14722 | B187: 690 | C187: 28.68 | D187: 661.32 | E187: 0 | F187: 661.32 | G187: OK
A188: 14723 | B188: 58.94 | C188: 2.94 | D188: 56 | E188: 0 | F188: 69 | G188: ERRO | H188: pedido 19916 alterado no financeiro
A189: 14724 | B189: 145.28 | C189: 7.28 | D189: 138 | E189: 0 | F189: 138 | G189: OK
A190: 14725 | B190: 52 | C190: 0 | D190: 52 | E190: 0 | F190: 52 | G190: OK
A191: 14726 | B191: 99.99 | C191: 4.99 | D191: 95 | E191: 0 | F191: 95 | G191: OK
A192: 14727 | B192: 435.84 | C192: 0 | D192: 435.84 | E192: 0 | F192: 435.84 | G192: OK
A193: 14728 | B193: 1680 | C193: 42.86 | D193: 1637.14 | E193: 0 | F193: 1637.14 | G193: OK
A194: 14729 | B194: 287.34 | C194: 14.34 | D194: 273 | E194: 0 | F194: 273 | G194: OK
A195: 14730 | B195: 581.68 | C195: 28.68 | D195: 553 | E195: 0 | F195: 553 | G195: OK
A196: 14731 | B196: 220.55 | C196: 10.55 | D196: 210 | E196: 0 | F196: 210 | G196: OK
A197: 14732 | B197: 221.1 | C197: 11.1 | D197: 210 | E197: 0 | F197: 210 | G197: OK
A198: 14733 | B198: 361 | C198: 0 | D198: 361 | E198: 7 | F198: 361 | G198: OK
A199: 14734 | B199: 435.84 | C199: 0 | D199: 435.84 | E199: 0 | F199: 435.84 | G199: OK
A200: 4875 | B200: 2049 | C200: 0 | D200: 2049 | E200: 0 | F200: 2049 | G200: OK
A201: 4876 | B201: 2651.15 | C201: 0 | D201: 2651.15 | E201: 0 | F201: #N/A | G201: #N/A | H201: pedido 19401 de 28/04/26
A202: 4877 | B202: 500 | C202: 0 | D202: 500 | E202: 0 | F202: 500 | G202: OK
A203: 4878 | B203: 975 | C203: 0 | D203: 975 | E203: 0 | F203: 975 | G203: OK
A204: 4879 | B204: 1223.57 | C204: 0 | D204: 1223.57 | E204: 30 | F204: 1223.57 | G204: OK
A205: 4880 | B205: 1020.82 | C205: 0 | D205: 1020.82 | E205: 40 | F205: 1020.82 | G205: OK
A206: 4881 | B206: 806.92 | C206: 0 | D206: 806.92 | E206: 40 | F206: 806.92 | G206: OK
A207: 4882 | B207: 343 | C207: 0 | D207: 343 | E207: 30 | F207: 343 | G207: OK
A208: 4883 | B208: 2893.6 | C208: 0 | D208: 2893.6 | E208: 0 | F208: 2893.6 | G208: OK
A209: 4884 | B209: 716 | C209: 0 | D209: 716 | E209: 0 | F209: 716 | G209: OK
A210: 4885 | B210: 2770 | C210: 0 | D210: 2770 | E210: 0 | F210: 2770 | G210: OK
A211: 4886 | B211: 1030.8 | C211: 0 | D211: 1030.8 | E211: 0 | F211: 1030.8 | G211: OK
A212: 4887 | B212: 23425.5 | C212: 0 | D212: 23425.5 | E212: 0 | F212: 23425.5 | G212: OK
A213: 4888 | B213: 1811.15 | C213: 0 | D213: 1811.15 | E213: 0 | F213: #N/A | G213: #N/A | H213: pedido 19553 de 29/04/26
A214: 4889 | B214: 1479.36 | C214: 57.6 | D214: 1421.76 | E214: 0 | F214: #N/A | G214: #N/A | H214: pedido 19564 de 29/04/26
A215: 4890 | B215: 9582.01 | C215: 0 | D215: 9582.01 | E215: 0 | F215: 9582.01 | G215: OK
A216: 4891 | B216: 574.68 | C216: 28.68 | D216: 546 | E216: 0 | F216: 546 | G216: OK
A217: 4892 | B217: 780 | C217: 0 | D217: 780 | E217: 0 | F217: 780 | G217: OK
A218: 4893 | B218: 19705.63 | C218: 0 | D218: 19705.63 | E218: 0 | F218: 19705.63 | G218: OK
A219: 4894 | B219: 3630.86 | C219: 0 | D219: 3630.86 | E219: 0 | F219: 3630.86 | G219: OK
A220: 4895 | B220: 625 | C220: 0 | D220: 625 | E220: 0 | F220: 625 | G220: OK
A221: 4896 | B221: 1178.92 | C221: 0 | D221: 1178.92 | E221: 0 | F221: 1178.92 | G221: OK
A222: 4897 | B222: 2768.46 | C222: 0 | D222: 2768.46 | E222: 0 | F222: 2768.46 | G222: OK
A223: 4899 | B223: 515.78 | C223: 0 | D223: 515.78 | E223: 90 | F223: 515.78 | G223: OK
A224: 4900 | B224: 1760 | C224: 0 | D224: 1760 | E224: 0 | F224: 1760 | G224: OK
A225: 4901 | B225: 2651.15 | C225: 0 | D225: 2651.15 | E225: 0 | F225: 2651.15 | G225: OK
A226: 4902 | B226: 350.4 | C226: 0 | D226: 350.4 | E226: 0 | F226: 350.4 | G226: OK
... A254: 4937 | B254: 5495.4 | C254: 0 | D254: 5495.4 | E254: 0 | F254: 5495.4 | G254: OK
B256: Valor Bruto | C256: Descontos | D256: Valor Líquido | E256: Valor Frete
A257: TOTAL GERAL | B257: 200258.71 | C257: 2157.79 | D257: 198100.92 | E257: 330
A258: TOTAL DEVOLVIDO | B258: 1680 | C258: 42.86 | D258: 1637.14 | E258: -
A259: TOTAL (Vendidos - Devolvidos) | B259: 198578.71 | C259: 2114.93 | D259: 196463.78 | E259: -
